name,sequence
1049,GGCACAGTCGAGGCTG
1090CMV,GTGGGAGGTCTATATAA
3AOX,GCAAATGGCATTCTGACATCC
5AOX,GACTGGTTCCAATTGACAAGC
-96glll,CCCTCATAG TTAGCGTAACTG 
alpha-f,TACTATTGCCAGCATTGCTGC 
AS1B,GCCAGCGCCTTGTAGAAGCG 
CGFPE,GGTCCTGCTGGAGTTCGTGACCG 
AS1BREV,CTATGACCATGATTACGC
pCR3.1-BGHrev,TAGAAGGCACAGTCGAGG 
BGH,TAGAAGGCACAGTCGAGG 
CFR84,CACTGGCTGGTTTCGCTACCG
CMV_HC_for,CTCTAGCGCCACCATGAAACA
CMVF,TAGGCGTGTACGGTGGGAGG
CMVfor,CGCAAATGGGCGGTAGGCGTG
CMVmin,CGCCATCCACGCTGTTTTG
EuVH,GGCAGCAGCCACAGGTAAGA
EuVL,TTGCTGTTGCACAGTGATTC
Gad for,GGGATGTTTAATACCACTAC
Gad rev,AAGAAATTGAGATGGTGCAC
GADSEQF,GGATGATGTATATAACTATC
Gal4 AD,TACCACTACAATGGATG 
Gal4 BD,TCATCGGAAGAGAGTAG 
GBTSEQF,CAGCATAGAATAAGTGCG 
GFPREV,CTTGTGGCCGTTTACGTC
pGL Rev,CTTTATGTTTTTGGCGTCTTCC
GL2,CTTTATGTTTTTGGCGTCTTCCA
hGH-PA-R,CCAGCTTGGTTCCCAATAGA
HuCAL_rev,TTTTTCACTTCACAGGTC
HuCAL_VH_for,GATAAGCATGCGTAGGAGAAA
HuCAL_VH_for_30,GAGTCTTAAGTAATCTAGATAACG
IgG_const_for,AGCCCAGCAACACCAAGG 
IntXL39,ATTAGGACAAGGCTGGTGG 
LEXASEQF,CTTCGTCAGCAGAGCTTC
LEXBONR,Al\.TTCGCCCGGAl\.TTAGC
M13 (-96),TGAGTTTCGTCACCAGTA
M13 rev (-29),CAGGAAACAGCTATGACC
M13 rev (-49),GAGCGGATAACAATTTCACACAGG
M13 uni (-21),TGTAAAACGACGGCCAGT
PU,TGTAAAACGACGGCCAGT
M13 uni (-43),AGGGTTTTCCCAGTCACGACGTT
malE,GGTCGTCAGACTGTCGATGAAGCC
MSCV-MCS-5,CGTTCGACCCCGCCTCGATCC
pBABE5,CTTTATCCAGCCCTCAC
pBAD42 AD5,ACCAGCCTCTTGCTGAGTGGAGAT
pcDNA3_for,GGCTAACTAGAGAACCCACTG
pcDNA3_rev,GGCAACTAGAAGGCACAGTC
pCEP-Forward,AGAGCTCGTTTAGTGAACCG
pCEP-Revese,GTGGTTTGTCCAAACTCATC
pEGFP_35rev,AGGTTAAGTAAAGCGTCTG
pEGFP_35uni,ACCGTAAGTAGCATCACCTTC
pEGFP_36rev,TGGTCTTGTTAGAATTTGTTAC
pEGFP_36uni,CTTTTCGGTTAGAGCGGATGTG
pEGFPC1for,GATCACTCTCGGCATGGAC
pEGFPC1rev,CATTTTATGTTTCAGGTTCAGGG
pEGFPN1for,GTCGTAACAACTCCGCCC
pEGFPN1rev,GTCCAGCTCGACCAGGATG
pENTattL1for,TCGCGTTAACGCTAGCATGGATCTC
pENTattL2rev,ACATCAGAGATTTTGAGACACGGGC
pESC_MCS1r,GGATATGTATATGGTGGTAATGC
pESC_MCS1u,TGACCAAACCTCTGGCGAAG
petup,ATGCGTCCGGCGTAGA
pFASTBAC-F,TCCGGATTATTCATACCGTCCC
pFASTBAC-R,CCTCTACAAATGTGGTATGGCTG
pGex for,ATAGCATGGCCTTTGCAGG
PGEX,CCGGGAGCTGCATGTGTCAGAGG
PGEX3',CCGGGAGCTGCATGTGTCAGAGG
PGEXS',GGGCTGGCAAGCCACGTTTGGTG 
pGL for,GTATCTTATGGTACTGTAACTG 
pGL3 for,CTAGCAAAATAGGCTGTCCC
RV3,CTAGCAAAATAGGCTGTCCC
pJET1.2for,CGACTCACTATAGGGAGAGCGCC
pJET1.2rev,AAGAACATCGATTTTCCATGGCAG
pJET1_fwd,GCCTGAACACCATATCCATCC
pJET1_rev,GCAGCTGAGAATATTGTAGGAGATC
pLcro-for,ACGACTCACTATAGGGAGACCACAACG
pLcro-rev,GGACATCACTCCGTTTCAATGG
Polyhed_fwd,AAAATGATAACCATCTCG
Polyhed_rev,CGGGTCCAAGTTTCCCTG
pQE for,GTATCACGAGGCCCTTTCGTCT
pQE rev,CATTACTGGATCTATCAACAGGAG
pShuttleCMV-f,GGTCTATATAAGCAGAGCTG
pShuttleCMV-r,GTGGTATGGCTGATTATGATCAG
pTrcHis for,AATCTGTGTGGGCACTCG
pTrcHis rev,CTTCTGCGTTCTGATTTAATCTG
PU-48,CGCCAGGGTTTTCCCAGTCACGAC 
pUG35_rev,CTATTTCCTTCGTGTAATACAGG
REVP,GGAAACAGCTATGACCATG 
REVP-48,AGCGGATAACAATTTCACACAGGA 
SV40pA-R,GAAATTTGTGATGCTATTGC 
SP6,ATTTAGGTGACACTATAG 
T3,AATTAACCCTCACTAAAGGGA 
T3P,AATTAACCCTCACTAAAGGGA 
T7,TAATACGACTCACTATAGG
T7P,TAATACGACTCACTATAGG
T7 (pCS-2),TGTCTGGATCTACGTAATACG 
T7 term,CTAGTTATTGCTCAGCGGT
T7TER,GCTAGTTATTGCTCAGCGG

