name,length,sequence
BGHReverse,18,TAGAAGGCACAGTCGAGG
Bac Forward,24,TTTTACTGTTTTCGTAACAGTTTT
Bac Reverse,21,CGGATTTCCTTGAAGAGAGTA
CMV-F,21,CGCAAATGGGCGGTAGGCGTG
DuetDOWN,20,GATTATGCGGCCGTGTACAA
DuetUP,20,TTGTACACGGCCGCATAATC
EGFP-C,22,CATGGTCCTGCTGGAGTTCGTG
EGFP-N,22,CGTCGCCGTCCAGCTCGACCAG
LNCX primer,25,AGCTCGTTTAGTGAACCGTCAGATC
M13Forward,17,GTAAAACGACGGCCAGT
M13Reverse,16,AACAGCTATGACCATG
SP6,19,GATTTAGGTGACACTATAG
SV40-Promoter,20,GCCCCTAACTCCGCCCATCC
SV40-pArev,20,CCTCTACAAATGTGGTATGG
T3,17,ATTAACCCTCACTAAAG
T7Forward,20,TAATACGACTCACTATAGGG
T7Reverse,19,GCTAGTTATTGCTCAGCGG
TAL_R3,20,GGCTCAGCTGGGCCACAATG
TAL_Seq_5-1,18,CATCGCCAATGCACTGAC
U6 primer,19,GGGCAGGAAGAGGGCCTAT
WPRE-R primer,21,CATAGCGTAAAAGGAGCAACA
pBADForward,20,ATGCCATAGCATTTTTATCC
pBADReverse,18,GATTTAATCTGTATCAGG
pET,18,CTCGATCCCGCGAAATTA
pETUpstream,16,ATGCGTCCGGCGTAGA
pFastBac Forward,20,GGATTATTCATACCGTCCCA
pFastBac Reverse,20,CAAATGTGGTATGGCTGATT
pGEXForward,23,GGGCTGGCAAGCCACGTTTGGTG
pGEXReverse,23,CCGGGAGCTGCATGTGTCAGAGG
